data,Russell 1000 Value,Russell 1000 Growth,Russell 2000 Value,Russell 2000 Growth,MSCI World Ex USA Value NR USD,MSCI World Ex USA Growth NR USD,MSCI World Ex USA Small Value NR USD,MSCI World Ex USA Small Growth NR USD,Bloomberg Barclays Global Aggregate x USD,Bloomberg Barclays Global High Yield
20190329,"13,000,854,959,155","13,320,408,031,755","959,024,677,190","1,053,160,067,731","7,350,854,787,986","7,646,866,410,288","1,245,636,683,156","1,259,032,702,537","28,453,459,000,000","2,389,193,000,000"
20190228,"13,027,857,590,283","12,996,750,750,123","995,500,672,307","1,057,753,904,195","7,462,424,158,282","7,546,685,029,636","1,259,920,664,750","1,260,722,297,675","28,188,816,000,000","2,384,358,000,000"
20190131,"12,668,829,284,834","12,573,865,991,672","961,912,380,239","1,008,361,701,344","7,354,412,875,190","7,306,234,063,899","1,242,943,826,515","1,228,343,484,258","28,314,895,000,000","2,366,487,000,000"
20181231,"11,776,226,988,672","11,544,355,593,983","868,524,965,510","908,594,475,310","6,849,607,800,068","6,816,435,169,895","1,150,744,351,898","1,128,287,236,296","27,568,119,000,000","2,279,040,000,000"
20181130,"13,200,771,561,877","12,693,835,658,493","993,165,539,729","1,020,601,313,234","7,073,180,284,558","7,322,430,843,258","1,206,053,685,228","1,219,415,307,572","27,159,318,000,000","2,303,827,000,000"
20181031,"12,902,345,843,498","12,601,648,295,342","983,374,666,811","1,011,010,182,343","7,156,291,498,664","7,304,275,575,769","1,226,841,086,187","1,241,008,543,579","26,998,973,000,000","2,351,701,000,000"
20180928,"13,604,481,216,285","13,832,007,844,655","1,091,849,645,230","1,161,660,602,758","7,718,562,660,498","8,104,078,723,469","1,341,444,815,183","1,394,853,185,077","27,381,774,000,000","2,413,818,000,000"
20180831,"13,662,302,933,741","13,828,109,174,619","1,117,975,052,551","1,168,954,998,205","7,611,052,037,854","8,124,604,372,516","1,346,518,998,667","1,416,580,224,941","27,758,031,000,000","2,393,524,000,000"
20180731,"13,492,353,251,035","13,127,639,337,825","1,096,593,513,613","1,107,820,634,264","7,907,381,929,151","8,172,368,427,316","1,364,829,456,646","1,421,306,245,348","27,709,715,000,000","2,434,124,000,000"
20180629,"13,004,172,492,562","12,779,321,442,153","1,085,596,132,341","1,093,204,485,014","7,696,287,000,383","7,999,277,646,074","1,348,713,754,652","1,428,402,649,619","27,683,719,000,000","2,430,683,000,000"
20180531,"12,122,058,981,048","13,466,666,518,793","1,042,650,879,041","1,161,596,986,175","7,730,016,530,526","8,213,701,643,814","1,370,591,709,884","1,440,870,188,141","27,963,957,000,000","2,465,223,000,000"
20180430,"12,083,208,236,348","12,926,743,980,112","986,109,871,251","1,099,387,130,970","8,112,314,740,110","8,247,323,775,670","1,411,420,642,819","1,434,841,079,979","28,271,690,000,000","2,516,541,000,000"
20180329,"12,063,313,336,852","12,895,944,426,318","971,386,031,551","1,101,411,741,541","7,920,808,906,435","8,133,308,032,918","1,390,829,406,864","1,426,008,352,995","28,872,683,000,000","2,529,880,000,000"
20180228,"12,353,521,540,662","13,295,259,019,648","957,891,792,144","1,077,453,987,584","8,132,031,001,706","8,247,659,295,948","1,417,127,095,094","1,453,319,254,488","28,621,848,000,000","2,549,156,000,000"
20180131,"13,006,741,417,245","13,672,456,327,525","1,013,458,742,977","1,118,377,736,595","8,587,788,617,432","8,639,080,452,475","1,482,618,957,008","1,509,812,652,670","28,745,363,000,000","2,638,608,000,000"
20171229,"12,539,286,811,216","12,763,464,858,194","1,002,687,268,405","1,078,500,610,918","8,187,708,023,074","8,293,309,581,678","1,427,428,175,789","1,432,853,990,107","27,686,861,000,000","2,598,409,000,000"
20171130,"12,446,386,029,692","12,740,237,805,279","1,011,426,254,192","1,066,525,414,577","8,050,550,950,253","8,077,387,644,505","1,347,862,309,169","1,417,847,541,904","27,655,406,000,000","2,600,260,000,000"
20171031,"12,114,215,820,172","12,388,457,296,053","988,961,999,386","1,038,854,966,005","7,995,194,142,891","7,994,159,153,094","1,331,021,217,183","1,391,654,854,573","27,012,401,000,000","2,607,505,000,000"
20170929,"12,058,548,704,315","11,928,486,713,875","994,231,499,430","1,036,856,620,665","7,717,257,026,566","7,446,012,096,189","1,333,385,074,874","1,366,215,381,598","27,181,404,000,000","2,600,717,000,000"
20170831,"11,757,911,228,650","11,781,805,478,570","927,001,030,821","974,388,217,774","7,501,772,919,820","7,293,429,481,198","1,284,482,910,036","1,331,699,279,566","27,484,563,000,000","2,564,445,000,000"
20170731,"11,940,109,203,069","11,593,154,629,741","953,610,303,630","977,907,815,625","7,630,143,331,085","7,506,460,856,047","1,285,714,372,065","1,316,260,051,574","27,093,729,000,000","2,559,342,000,000"
20170630,"11,833,508,751,338","11,337,587,886,322","948,471,420,427","969,990,528,575","7,374,759,544,508","7,293,876,652,096","1,240,745,823,800","1,274,728,583,426","26,332,387,000,000","2,542,644,000,000"
20170531,"11,138,424,019,348","11,877,881,157,967","925,526,607,224","911,635,927,803","7,403,362,745,602","7,353,675,729,464","1,215,159,748,237","1,217,025,140,881","26,440,635,000,000","2,529,867,000,000"
20170428,"11,182,893,082,733","11,601,895,383,012","964,964,376,242","922,357,187,149","7,376,492,648,802","7,065,887,253,411","1,198,301,243,843","1,181,927,558,046","25,663,614,000,000","2,505,243,000,000"
20170331,"11,235,015,869,592","11,375,306,727,378","963,767,448,514","909,570,258,529","7,281,191,748,662","6,893,153,722,160","1,169,601,191,660","1,137,594,429,659","25,253,821,000,000","2,473,198,000,000"
20170228,"11,391,054,913,853","11,270,836,240,881","976,467,818,793","905,435,389,170","7,111,740,493,490","6,727,882,026,368","1,158,571,627,987","1,113,348,565,687","25,207,639,000,000","2,453,810,000,000"
20170131,"11,053,295,979,589","10,846,801,370,276","965,644,224,096","894,442,382,973","7,086,123,269,145","6,605,609,150,188","1,139,448,535,909","1,089,744,919,511","25,003,727,000,000","2,428,204,000,000"
20161230,"10,999,985,299,220","10,509,193,990,150","979,461,760,903","881,138,459,483","6,914,461,132,526","6,401,638,204,257","1,103,142,250,364","1,056,317,467,537","24,399,471,000,000","2,380,657,000,000"
20161130,"10,774,576,947,510","10,431,054,449,290","940,505,373,611","868,920,243,840","6,678,259,047,078","6,242,214,062,280","1,059,555,964,814","1,038,205,600,119","24,752,552,000,000","2,362,438,000,000"
20161031,"10,223,367,196,366","10,243,235,557,224","830,432,811,459","807,727,218,003","6,638,045,410,128","6,338,633,665,689","1,069,558,271,676","1,072,917,020,111","25,997,130,000,000","2,436,231,000,000"
20160930,"10,403,715,536,394","10,501,037,849,767","856,729,554,617","862,854,657,659","6,628,682,037,803","6,672,679,436,966","1,090,276,089,109","1,121,180,840,120","27,097,151,000,000","2,453,292,000,000"
20160831,"10,492,113,539,909","10,498,246,369,761","854,805,036,694","857,039,678,348","6,582,002,346,307","6,609,157,490,217","1,071,815,382,057","1,069,582,335,709","26,971,783,000,000","2,384,831,000,000"
20160729,"10,439,612,051,959","10,568,282,501,371","840,941,833,740","857,898,546,598","6,494,946,682,476","6,736,657,009,744","1,083,813,939,220","1,094,091,842,258","27,096,871,000,000","2,357,628,000,000"
20160630,"10,185,330,781,224","10,106,175,187,451","801,384,986,255","812,932,918,511","6,259,428,628,198","6,449,759,437,516","1,017,970,798,730","1,042,893,841,368","26,769,649,000,000","2,315,885,000,000"
20160531,"10,118,073,730,729","10,538,536,485,681","857,827,440,478","819,285,987,798","6,410,816,140,591","6,630,826,275,822","1,049,564,371,031","1,063,554,364,247","25,877,760,000,000","2,317,197,000,000"
20160429,"10,025,813,461,909","10,400,796,357,546","842,791,551,347","798,752,027,932","6,580,084,834,517","6,710,174,623,309","1,055,174,283,417","1,044,434,338,032","26,315,920,000,000","2,306,424,000,000"
20160331,"9,850,059,035,238","10,544,401,200,038","834,324,768,120","798,721,495,976","6,326,744,930,373","6,599,074,222,835","1,019,613,487,735","1,024,081,994,898","25,708,600,000,000","2,233,481,000,000"
20160229,"9,238,753,784,787","9,921,270,813,253","772,636,719,947","743,646,509,736","5,927,862,169,999","6,200,279,714,059","942,146,964,696","958,414,681,804","24,671,522,000,000","2,125,187,000,000"
20160129,"9,311,466,962,566","9,957,134,775,324","772,823,370,747","750,138,853,510","6,029,062,925,341","6,302,917,076,693","940,336,401,682","974,987,592,529","23,793,857,000,000","2,093,190,000,000"
20151231,"9,861,006,077,269","10,556,020,761,321","833,271,833,876","851,505,519,285","6,546,291,459,721","6,720,789,326,430","1,016,170,221,774","1,062,862,036,901","23,630,199,000,000","2,147,258,000,000"
20151130,"10,136,162,713,363","10,751,750,106,047","889,143,577,369","894,671,564,469","6,480,998,305,275","6,935,234,341,097","1,000,591,088,822","1,061,292,489,874","23,470,931,000,000","2,187,827,000,000"
20151030,"10,142,107,193,320","10,754,139,530,621","870,326,372,334","865,208,714,302","6,619,504,322,409","6,987,406,334,778","1,016,180,022,355","1,051,507,341,700","24,009,351,000,000","2,221,662,000,000"
20150930,"9,455,565,460,024","9,911,214,102,356","824,718,161,911","821,640,079,139","6,166,836,406,477","6,492,342,234,207","958,082,313,198","996,501,404,265","23,802,912,000,000","2,166,783,000,000"
20150831,"9,774,436,032,932","10,199,147,560,018","855,337,458,846","877,760,438,527","6,571,155,033,188","6,752,965,185,798","1,002,389,442,496","1,050,013,306,724","23,797,961,000,000","2,183,342,000,000"
20150731,"10,422,516,531,515","10,902,403,841,075","905,763,936,050","953,251,504,176","7,101,887,332,988","7,290,916,129,009","1,053,031,466,942","1,102,811,248,708","23,625,785,000,000","2,221,013,000,000"
20150630,"10,397,636,355,628","10,596,046,096,687","934,094,161,423","954,191,859,965","7,049,642,639,011","7,127,140,910,721","1,061,570,351,242","1,097,454,919,934","23,616,500,000,000","2,253,402,000,000"
20150529,"10,340,318,429,801","11,117,527,234,549","869,500,242,498","932,513,065,301","7,072,187,820,428","7,468,688,344,376","1,075,235,195,613","1,091,905,626,273","23,676,491,000,000","2,295,604,000,000"
20150430,"10,262,985,117,693","11,006,310,311,533","861,688,782,353","903,311,155,966","7,163,937,888,612","7,518,832,959,719","1,078,250,512,299","1,078,601,284,019","24,293,367,000,000","2,323,131,000,000"
20150331,"10,184,596,390,891","10,969,678,031,109","880,472,274,743","926,954,050,329","6,876,832,463,503","7,275,303,635,918","1,036,072,510,639","1,028,055,509,065","23,773,237,000,000","2,278,900,000,000"
20150227,"10,369,842,998,923","11,165,407,636,507","870,949,635,389","910,390,699,642","7,062,661,550,273","7,357,699,360,469","1,057,955,358,265","1,044,432,663,463","24,191,823,000,000","2,274,549,000,000"
20150130,"9,926,322,445,422","10,488,263,214,978","834,119,244,847","860,065,031,802","6,621,446,671,614","6,964,971,866,671","978,584,909,639","998,524,131,899","24,268,343,000,000","2,126,058,000,000"
20141231,"10,378,100,580,087","10,665,597,470,398","877,393,003,043","887,506,932,541","6,738,835,120,319","6,936,082,308,538","1,003,377,686,800","996,220,266,557","24,629,204,000,000","2,128,449,000,000"
20141128,"10,315,114,622,896","10,797,654,105,234","855,001,662,464","863,368,032,868","6,992,338,765,324","7,116,062,351,863","1,011,713,574,096","1,005,895,046,153","25,153,288,000,000","2,192,493,000,000"
20141031,"10,137,039,520,237","10,500,988,667,293","859,730,579,607","859,091,144,767","6,911,551,406,423","7,059,129,267,854","994,621,415,992","1,007,062,844,279","25,283,337,000,000","2,200,722,000,000"
20140930,"9,927,789,021,889","10,232,466,864,586","798,444,065,950","806,265,576,533","7,075,205,033,771","7,131,950,846,101","1,019,777,123,701","1,030,824,437,085","25,370,308,000,000","2,195,524,000,000"
20140829,"10,155,760,265,475","10,397,247,424,866","858,800,589,627","861,119,191,721","7,413,035,781,246","7,406,278,854,393","1,082,562,515,427","1,093,044,746,678","26,606,935,000,000","2,181,815,000,000"
20140731,"9,820,862,833,944","9,962,614,092,842","824,521,812,207","816,757,301,718","7,451,307,228,910","7,380,107,065,840","1,086,404,409,647","1,091,414,179,916","26,497,923,000,000","2,192,482,000,000"
20140630,"10,006,522,134,627","10,130,613,682,573","878,630,233,454","878,269,513,236","7,556,213,368,928","7,541,589,557,449","1,118,272,958,338","1,121,452,169,004","26,874,674,000,000","2,236,595,000,000"
20140530,"9,671,444,293,771","10,010,910,478,709","806,501,932,958","820,164,961,942","7,364,039,645,679","7,424,998,291,261","1,060,495,438,428","1,083,565,738,377","26,630,901,000,000","2,201,629,000,000"
20140430,"9,593,025,072,949","9,771,433,603,266","804,161,419,709","814,208,158,349","7,330,194,950,396","7,319,710,920,695","1,059,763,106,778","1,045,679,307,749","26,346,611,000,000","2,167,548,000,000"
20140331,"9,527,375,550,761","9,802,168,623,519","820,397,647,752","851,976,133,967","7,192,129,728,500","7,280,626,681,830","1,064,656,341,639","1,056,293,486,241","25,965,070,000,000","2,127,845,000,000"
20140228,"9,315,169,579,656","9,924,003,098,409","808,180,060,775","875,378,593,798","7,247,500,755,731","7,305,673,396,079","1,058,787,842,068","1,077,304,822,957","25,912,108,000,000","2,106,985,000,000"
20140131,"8,959,626,567,449","9,405,824,826,671","775,283,610,278","837,778,968,775","6,963,960,422,387","6,943,428,214,331","1,004,026,513,471","1,017,709,348,224","25,288,697,000,000","2,068,112,000,000"
20131231,"9,302,629,307,715","9,694,108,460,450","810,131,777,611","858,249,070,525","7,203,734,084,827","7,260,210,591,505","1,011,092,769,383","1,028,590,959,237","25,019,816,000,000","2,060,683,000,000"
20131129,"9,099,560,903,335","9,435,016,288,275","796,269,736,576","839,168,096,518","7,119,027,651,302","7,163,742,993,262","990,925,664,056","1,001,231,574,555","25,264,381,000,000","2,056,528,000,000"
20131031,"8,880,676,258,253","9,192,261,371,267","769,604,428,516","807,696,362,976","7,207,744,795,131","6,986,759,891,070","993,281,383,867","993,896,141,890","25,343,261,000,000","2,003,763,000,000"
20130930,"8,531,693,468,802","8,814,301,766,108","750,093,305,938","793,704,813,500","6,928,840,119,084","6,799,177,305,011","959,689,888,209","977,601,097,222","24,966,905,000,000","1,966,146,000,000"
20130830,"8,344,803,839,525","8,451,766,742,495","708,555,898,314","742,454,768,137","6,474,522,697,186","6,409,699,384,780","886,134,414,785","903,141,163,737","24,433,961,000,000","1,897,412,000,000"
20130731,"8,694,284,653,304","8,616,670,043,656","743,564,659,817","758,282,005,893","6,574,418,020,860","6,518,124,687,912","889,445,376,844","907,996,741,681","24,418,805,000,000","1,909,760,000,000"
20130628,"8,487,997,244,716","7,801,866,723,714","702,308,848,577","672,704,458,187","6,186,640,266,432","6,226,620,620,114","837,702,967,784","852,511,561,500","23,952,959,000,000","1,847,186,000,000"
20130531,"8,606,303,911,233","7,977,907,839,567","710,256,483,034","679,820,168,880","6,312,791,627,247","6,511,191,097,045","904,077,341,090","861,217,230,341","24,272,766,000,000","1,921,892,000,000"
20130430,"8,424,042,149,616","7,858,091,425,404","692,278,293,189","647,392,417,777","6,549,150,020,545","6,632,136,070,144","935,433,710,727","879,783,240,098","25,088,204,000,000","1,984,906,000,000"
20130328,"8,330,634,731,644","7,702,985,685,861","689,554,271,976","650,414,349,787","6,226,871,147,674","6,439,643,872,831","906,320,096,565","862,658,316,709","24,633,792,000,000","1,944,544,000,000"
20130228,"8,032,644,350,935","7,442,320,561,275","661,266,934,207","620,718,895,225","6,216,205,792,284","6,340,274,758,317","876,700,444,767","837,839,598,375","24,704,479,000,000","1,883,526,000,000"
20130131,"7,941,462,038,858","7,365,965,618,772","654,593,463,826","619,657,962,874","6,387,862,961,883","6,357,281,338,833","886,635,506,121","845,935,742,208","25,105,315,000,000","1,860,491,000,000"
20121231,"7,473,321,029,953","7,069,593,803,397","620,293,964,751","580,925,542,341","6,065,249,299,269","6,096,285,146,353","836,747,318,434","816,681,201,303","25,321,363,000,000","1,797,212,000,000"
20121130,"7,344,630,706,542","7,098,838,683,678","599,492,933,453","573,822,715,900","5,909,238,935,082","5,838,360,296,800","786,834,738,970","787,907,095,086","25,574,238,000,000","1,756,378,000,000"
20121031,"7,372,466,043,180","6,999,411,554,821","599,909,804,832","572,461,147,896","5,866,875,288,220","5,719,500,649,365","782,039,984,861","791,282,597,884","25,422,766,000,000","1,722,410,000,000"
20120928,"7,419,558,511,787","7,226,840,854,983","607,459,185,838","594,914,670,305","5,806,874,742,170","5,705,857,122,525","775,483,325,294","790,184,037,742","25,430,931,000,000","1,676,781,000,000"
20120831,"7,205,010,062,936","7,099,217,241,329","587,747,839,675","577,740,738,838","5,628,936,133,011","5,543,945,338,005","742,121,059,050","761,590,856,855","24,984,096,000,000","1,614,928,000,000"
20120731,"7,071,351,383,386","6,942,486,204,529","568,076,451,254","559,830,745,941","5,412,871,672,824","5,431,575,319,573","726,184,715,177","739,705,704,580","24,504,945,000,000","1,571,134,000,000"
20120629,"7,009,951,856,366","6,876,470,101,494","574,789,205,647","574,884,315,008","5,368,317,807,675","5,298,566,274,444","726,028,541,135","733,654,370,993","24,151,981,000,000","1,552,564,000,000"
20120531,"6,573,064,179,727","6,814,362,950,073","560,451,159,948","556,494,955,067","4,903,530,243,425","5,170,761,976,917","704,330,040,688","731,172,802,204","24,104,262,000,000","1,502,677,000,000"
20120430,"7,023,108,014,014","7,315,437,745,521","599,944,173,372","601,692,379,920","5,608,122,682,727","5,832,529,412,513","811,038,038,057","827,145,140,112","24,507,475,000,000","1,588,190,000,000"
20120330,"7,112,345,935,301","7,339,796,911,464","607,841,918,546","612,189,461,657","5,783,051,722,058","5,895,998,345,927","828,418,342,806","822,738,117,377","24,215,406,000,000","1,580,169,000,000"
20120229,"6,933,668,268,070","7,122,721,471,390","590,796,605,477","599,851,164,528","5,863,689,560,407","5,929,828,422,742","823,313,786,038","819,932,342,265","24,511,018,000,000","1,542,960,000,000"
20120131,"6,698,712,081,740","6,809,629,586,560","583,943,381,610","592,525,567,131","5,584,395,824,650","5,626,708,257,206","775,128,489,682","780,072,464,607","24,344,220,000,000","1,460,980,000,000"
20111230,"6,465,514,910,914","6,440,010,597,300","551,193,694,605","553,653,194,503","5,315,334,716,101","5,332,460,682,379","735,484,049,708","738,572,159,017","23,653,542,000,000","1,427,759,000,000"
20111130,"6,365,397,669,825","6,491,207,776,365","547,110,812,885","555,271,390,914","5,324,652,782,405","5,446,504,220,739","723,978,222,226","758,918,669,541","23,873,019,000,000","1,396,205,000,000"
20111031,"6,429,913,332,660","6,518,478,154,525","549,734,169,500","559,372,376,432","5,645,073,419,291","5,689,291,606,980","764,167,253,229","795,712,719,653","24,469,692,000,000","1,431,314,000,000"
20110930,"5,793,480,065,505","5,879,011,213,450","482,021,720,750","483,370,978,964","5,175,645,063,285","5,168,191,672,151","712,332,262,470","737,807,566,032","23,980,370,000,000","1,362,335,000,000"
20110831,"6,280,807,688,236","6,369,730,649,114","544,240,993,557","547,840,113,866","5,681,543,590,994","5,842,602,373,357","803,138,023,603","812,101,494,961","25,077,735,000,000","1,447,172,000,000"
20110729,"6,713,337,197,664","6,749,487,535,306","597,842,527,787","601,247,096,072","6,251,959,359,130","6,365,172,069,025","878,742,771,330","876,293,056,319","24,643,578,000,000","1,512,998,000,000"
20110630,"6,963,657,445,940","6,828,293,311,376","622,822,466,579","631,025,132,806","6,401,644,168,221","6,424,428,223,656","888,574,698,785","880,808,957,963","24,074,642,000,000","1,514,985,000,000"
20110531,"6,895,845,316,185","7,019,744,239,985","614,302,864,960","661,376,904,375","6,345,773,819,966","6,577,595,171,423","864,465,792,346","872,090,298,541","24,119,012,000,000","1,524,281,000,000"
20110429,"6,991,789,861,202","7,124,832,535,038","627,432,900,457","676,325,292,324","6,630,784,686,528","6,754,376,858,109","897,086,762,237","900,244,292,435","24,138,482,000,000","1,516,470,000,000"
20110331,"6,826,220,149,186","6,930,318,994,544","613,947,610,015","651,763,169,274","6,318,446,560,434","6,421,590,172,822","863,215,529,670","861,468,365,052","23,101,723,000,000","1,478,420,000,000"
20110228,"6,816,950,905,702","6,942,616,903,403","605,879,175,739","629,388,723,200","6,506,533,792,826","6,514,103,130,092","863,207,712,410","863,818,876,523","22,976,367,000,000","1,447,143,000,000"
20110131,"6,592,332,708,838","6,739,590,054,077","576,072,958,808","595,268,332,904","6,276,318,251,437","6,292,957,895,152","839,897,141,098","840,074,073,798","22,635,447,000,000","1,420,195,000,000"
20101231,"6,459,458,971,205","6,575,802,424,545","576,709,313,401","604,701,634,084","6,019,880,408,348","6,272,614,211,896","841,486,217,011","891,923,425,110","22,466,783,000,000","1,396,348,000,000"
20101130,"5,993,688,078,380","6,243,529,150,535","532,536,315,648","561,977,458,944","5,450,092,892,274","5,908,977,672,718","754,861,776,639","779,838,128,471","21,909,828,000,000","1,408,219,000,000"
20101029,"6,040,531,858,890","6,189,748,257,482","519,283,905,873","543,865,296,812","5,801,997,925,783","6,061,035,217,111","786,638,463,346","741,205,926,048","23,151,085,000,000","1,430,152,000,000"
20100930,"5,877,651,559,817","5,919,695,785,356","498,813,182,051","521,636,639,141","5,590,598,395,938","5,872,675,002,567","758,950,389,288","764,512,579,850","22,621,900,000,000","1,353,192,000,000"
20100831,"5,461,498,153,412","5,360,407,937,113","450,656,115,520","458,751,579,799","5,131,056,117,196","5,310,627,269,000","689,802,829,703","693,966,006,744","21,787,773,000,000","1,281,274,000,000"
20100730,"5,714,412,205,701","5,632,116,413,109","487,907,870,185","499,635,208,750","5,341,576,031,375","5,443,652,624,833","714,302,406,096","703,365,501,327","21,319,890,000,000","1,271,045,000,000"
20100630,"5,368,487,097,685","5,269,318,740,837","457,722,724,846","477,623,071,679","4,835,136,644,815","5,031,722,628,392","656,319,891,327","651,509,509,302","20,234,878,000,000","1,208,176,000,000"
20100528,"5,449,898,117,509","5,429,622,729,456","520,391,101,626","473,502,216,622","4,955,990,783,307","5,061,325,907,326","654,645,739,674","634,590,240,676","20,965,094,000,000","1,202,581,000,000"
20100430,"5,949,876,421,779","5,892,157,165,991","569,171,801,900","506,253,551,297","5,516,241,225,473","5,655,232,303,224","723,824,579,026","692,082,207,550","20,703,226,000,000","1,282,464,000,000"
20100331,"5,792,299,192,425","5,833,714,775,876","529,268,356,319","487,212,460,916","5,424,934,739,532","5,740,693,566,720","670,890,565,246","679,280,688,219","20,759,803,000,000","1,242,697,000,000"
20100226,"5,430,250,329,810","5,526,330,475,460","487,653,003,580","452,728,494,697","5,284,268,414,980","5,409,323,633,781","669,322,899,470","690,151,234,709","21,018,220,000,000","1,177,429,000,000"
20100129,"5,281,807,415,594","5,344,769,928,876","465,579,930,593","434,904,734,539","5,333,774,840,768","5,246,019,864,688","675,107,300,286","672,606,873,560","20,881,171,000,000","1,182,883,000,000"
20091231,"5,448,143,302,424","5,594,631,928,796","481,514,240,539","455,564,423,761","5,587,093,261,190","5,670,981,536,295","680,190,692,342","680,572,596,121","20,821,857,000,000","1,145,926,000,000"
20091130,"5,356,531,356,240","5,424,216,454,760","443,091,867,993","416,259,510,215","5,604,385,589,364","5,398,975,920,942","687,998,086,842","666,321,893,981","21,675,474,000,000","1,095,158,000,000"
20091030,"5,084,884,386,491","5,134,469,184,319","430,132,632,962","404,341,188,237","5,460,855,774,797","5,248,504,193,681","688,407,327,391","654,058,737,727","20,778,941,000,000","1,084,252,000,000"
20090930,"5,259,222,209,770","5,224,975,423,760","456,470,678,512","435,769,804,518","5,587,245,201,563","5,295,600,622,024","706,353,245,232","658,479,566,242","20,479,447,000,000","1,046,465,000,000"
20090831,"5,067,344,685,551","5,040,737,709,609","431,389,995,502","410,796,234,208","5,373,383,692,276","5,051,133,582,802","674,964,817,658","629,447,152,829","19,969,696,000,000","958,398,000,000"
20090731,"4,780,176,999,144","4,948,515,733,876","409,847,071,580","406,337,054,650","5,061,118,551,549","4,910,384,058,779","616,526,445,105","595,542,630,265","19,414,737,000,000","927,341,000,000"
20090630,"4,426,747,919,551","4,624,132,231,269","367,957,717,148","380,683,651,902","4,575,787,486,371","4,516,745,805,127","479,392,556,955","500,006,960,617","18,782,294,000,000","870,061,000,000"
20090529,"4,263,414,263,862","4,751,582,381,751","372,804,471,477","377,591,330,724","4,570,935,052,524","4,629,689,215,640","459,817,479,720","482,261,947,868","18,651,423,000,000","847,048,000,000"
20090430,"4,008,233,402,463","4,539,206,331,720","364,609,324,624","363,283,917,178","4,088,402,753,291","4,116,272,253,233","400,244,315,010","418,700,139,190","17,348,032,000,000","762,713,000,000"
20090331,"3,631,500,896,107","4,154,743,017,513","314,297,963,617","316,393,731,964","3,498,072,337,351","3,605,629,149,266","316,224,025,199","364,780,691,604","16,953,148,000,000","672,778,000,000"
20090227,"3,377,779,673,204","3,871,985,464,976","289,126,656,296","291,302,168,792","3,242,393,481,620","3,588,817,739,555","297,679,168,443","355,757,474,643","16,387,554,000,000","630,902,000,000"
20090130,"3,922,997,388,224","4,207,347,303,284","336,507,402,787","325,661,686,432","3,641,646,012,624","3,973,277,979,217","329,148,460,775","382,258,616,110","16,672,084,000,000","641,589,000,000"
20081231,"4,454,725,481,586","4,422,631,978,114","393,063,990,472","354,178,790,914","4,076,865,511,085","4,330,429,696,084","353,976,830,318","401,801,261,328","17,368,756,000,000","611,560,000,000"
20081128,"4,394,421,943,998","4,371,800,413,215","373,890,070,170","336,849,536,826","3,850,390,323,520","4,089,826,257,879","329,476,093,926","383,518,505,816","16,133,737,000,000","583,950,000,000"
20081031,"4,746,406,224,141","4,798,148,356,867","426,341,065,940","384,058,611,512","4,228,473,729,089","4,007,253,395,871","369,599,922,266","382,256,238,591","15,558,590,000,000","636,166,000,000"
20080930,"5,762,205,274,467","5,846,331,364,943","538,293,963,455","495,590,361,085","5,367,798,183,149","5,059,947,673,176","504,229,977,256","530,975,971,562","16,153,258,000,000","789,606,000,000"
20080829,"6,228,482,563,941","6,622,489,034,879","565,401,360,988","554,799,778,167","6,195,681,231,937","6,319,777,121,788","609,787,598,258","656,671,510,160","16,728,734,000,000","871,455,000,000"
20080731,"6,145,141,381,679","6,560,185,888,881","539,850,797,107","543,305,529,583","6,426,318,463,185","6,613,953,993,170","634,474,757,510","699,774,638,986","17,176,185,000,000","884,915,000,000"
20080630,"6,215,890,774,445","6,698,944,433,025","516,010,540,953","532,416,243,447","6,512,074,095,633","6,872,310,417,433","653,980,523,992","743,744,017,451","17,170,133,000,000","913,033,000,000"
20080530,"6,592,871,451,464","7,450,305,161,376","573,536,831,516","641,466,308,034","6,995,716,932,207","7,469,741,540,987","749,669,627,444","816,201,782,157","17,129,808,000,000","926,935,000,000"
20080430,"6,615,146,559,330","7,213,028,860,080","557,867,045,493","613,208,457,477","7,029,857,024,927","7,277,838,044,361","750,032,077,006","798,392,721,943","17,171,932,000,000","949,518,000,000"
20080331,"6,344,696,427,316","6,894,866,717,734","545,488,075,272","582,441,602,969","6,690,212,639,370","6,945,092,839,385","742,472,475,642","776,740,292,427","17,555,502,000,000","937,206,000,000"
20080229,"6,410,093,643,005","6,965,362,375,275","540,231,821,688","588,100,452,406","6,949,210,223,748","7,281,857,027,252","743,587,845,579","771,005,640,690","17,131,137,000,000","954,612,000,000"
20080131,"6,711,080,387,120","7,117,127,594,750","567,102,415,783","615,705,438,817","6,791,368,663,082","6,877,395,754,887","744,703,215,515","765,270,988,953","16,603,548,000,000","979,517,000,000"
20071231,"7,014,887,705,083","7,736,678,322,657","593,944,143,046","686,812,098,254","7,473,353,275,638","7,602,893,689,461","817,018,714,102","864,391,978,080","16,066,195,000,000","996,399,000,000"
20071130,"7,125,271,422,205","7,770,778,284,725","602,891,274,241","681,787,692,029","7,253,553,001,874","7,942,003,918,243","843,610,069,592","909,054,086,881","16,220,434,000,000","1,000,925,000,000"
20071031,"7,548,606,403,585","8,128,171,787,755","656,960,373,979","743,186,502,291","7,658,161,593,886","8,194,154,793,597","870,201,425,082","953,716,195,681","15,755,976,000,000","1,031,014,000,000"
20070928,"7,591,460,067,498","7,937,625,495,552","652,071,509,189","711,657,943,071","7,531,647,931,964","7,844,233,260,512","840,245,631,137","893,452,064,283","15,388,267,000,000","1,013,508,000,000"
20070831,"7,390,270,433,959","7,654,823,384,241","656,195,633,407","695,950,292,043","7,167,711,733,826","7,365,282,323,225","851,069,449,080","897,577,295,650","14,943,270,000,000","985,702,000,000"
20070731,"7,341,705,694,214","7,563,119,105,706","653,272,308,497","686,867,236,464","7,310,473,285,142","7,428,885,939,863","861,893,267,022","901,702,527,017","14,651,922,000,000","978,914,000,000"
20070629,"7,714,365,039,465","7,703,352,073,975","721,011,631,681","727,898,827,534","7,472,955,370,505","7,498,570,805,064","874,919,783,124","906,780,603,019","14,331,429,000,000","1,023,367,000,000"